{
  "metadata": {
    "name": "Đọc Truyện Full",
    "author": "Cern",
    "version": 1,
    "source": "https://doctruyenchufull.online/",
    "regexp": "(www.)?doctruyenchufull.online/(.*?)",
    "description": "Bản chính thức của Đọc Truyện Full",
    "locale": "vi_VN",
    "language": "javascript",
    "type": "novel"
  },
  "script": {
    "home": "home.js",
    "detail": "detail.js",
    "toc": "toc.js",
    "search": "search.js",
    "page": "page.js",
    "genre": "genre.js",
    "chap": "chap.js"
  }
}